{"cameraMode":{"drawMode":0,"name":"Shaded","section":"Shading Mode"},"sceneLighting":true,"audioPlay":false,"sceneViewState":{"showFog":true,"showMaterialUpdate":true,"showSkybox":true,"showFlares":true,"showImageEffects":true,"showParticleSystems":true},"in2DMode":false,"pivot":{"x":15.167034149169922,"y":6.814942359924316,"z":-2.0867652893066408},"rotation":{"x":-0.015769701451063157,"y":0.984183669090271,"z":-0.12948071956634522,"w":-0.11986923962831497},"size":10.0,"orthographic":false}