{"cameraMode":{"drawMode":0,"name":"Shaded","section":"Shading Mode"},"sceneLighting":true,"audioPlay":false,"sceneViewState":{"showFog":true,"showMaterialUpdate":true,"showSkybox":true,"showFlares":true,"showImageEffects":true,"showParticleSystems":true},"in2DMode":false,"pivot":{"x":7.822985649108887,"y":21.159765243530275,"z":6.919501304626465},"rotation":{"x":-0.06380265951156616,"y":0.935074508190155,"z":-0.2217145413160324,"w":-0.26908668875694277},"size":10.0,"orthographic":false}